"","category","mean","sd"
"1","Performance Expectancy",4.30973451327434,0.0840060724669401
"2","Effort Expectancy",4.31194690265487,0.0474344863828182
"3","Attitude toward using technology",4.21902654867257,0.0320840727903756
"4","Social influence",4.11504424778761,0.0209943966569839
"5","Facilitating Conditions",4.32079646017699,0.0770206232229013
"6","Self-Efficacy",4.14823008849558,0.06801643995278
"7","Anxiety",3.89823008849558,0.162799439765148
"8","Behavioral Intention to Use the System",4.27433628318584,0.00484879745296616
